<?xml version="1.0" encoding="UTF-8"?>
<!DOCTYPE mapper
PUBLIC "-//mybatis.org//DTD Mapper 3.0//EN"
"http://mybatis.org/dtd/mybatis-3-mapper.dtd">

<!-- namespace="매퍼 인터페이스 경로" --> 
<mapper namespace="com.aloha.todo.mapper.TodoMapper">

    <select id="list" resultType="Todos">
        SELECT *
        FROM todos
    </select>

    <!-- ⚡ 페이징 처리 후 정렬을 적용 -->
    <!-- 이유 : 정렬 후 페이징 하면, 완료 안 된 것반 앞으로 나오니까 
                페이징 후 정렬을 적용합니다.
    -->

    <select id="select" resultType="Todos">
        SELECT *
        FROM todos
        WHERE no = #{no}
    </select>

    <select id="selectById" resultType="Todos">
        SELECT *
        FROM todos
        WHERE id = #{id}
    </select>

    <insert id="insert">
        INSERT INTO todos ( id, name, seq ) 
        VALUES ( #{id}, #{name}, #{seq} ) 
    </insert>

    <update id="update">
        UPDATE Todos
         <set>
            <if test="name != null">
                name = #{name},
            </if>
            <if test="status != null">
                status = #{status},
            </if>
            <if test="seq != null">
                seq = #{seq},
            </if>
                updated_at = now()
         </set>
        WHERE no = #{no}
    </update>

    <update id="updateById">
        UPDATE Todos
         <set>
            <if test="name != null">
                name = #{name},
            </if>
            <if test="status != null">
                status = #{status},
            </if>
            <if test="seq != null">
                seq = #{seq},
            </if>
                updated_at = now()
         </set>
        WHERE id = #{id}
    </update>

    <delete id="delete">
        DELETE FROM todos
        WHERE no = #{no}
    </delete>

    <delete id="deleteById">
        DELETE FROM todos
        WHERE id = #{id}
    </delete>

    <!-- 전체 완료 -->
    <update id="completeAll">
        UPDATE todos
           SET status = true
    </update>

    <!-- 전체 삭제 -->
    <delete id="deleteAll">
        DELETE FROM todos
    </delete>



</mapper>